key,houses_per
05001-480100-1,0.268276325
05001-480200-1,0.438356164
05001-480300-1,0.19047619
05001-480300-2,0.463499421
05001-480400-1,0.367197062
05001-480400-2,0.497512438
05001-480500-1,0.644122383
05001-480500-2,0.218102508
05001-480500-3,0.278551532
05001-480600-1,0.096153846
05001-480700-1,0.161812298
05001-480700-2,0.461680517
05001-480800-1,0.438981563
05001-480800-2,1.141552511
05003-960100-1,0
05003-960100-2,0.188323917
05003-960200-1,0.129032258
05003-960200-2,0.089047195
05003-960300-1,0.251256281
05003-960300-2,0.214132762
05003-960300-3,0.097560976
05003-960300-4,0.352112676
05003-960400-1,0
05003-960400-2,0
05003-960500-1,0
05003-960500-2,0.36101083
05003-960500-3,0.173010381
05003-960600-2,0.23923445
05003-960600-4,0.20661157
05003-960700-1,0.894854586
05003-960700-2,0
05005-950100-1,0.157480315
05005-950100-2,0
05005-950100-3,0.374531835
05005-950100-4,0.146627566
05005-950200-1,0.14858841
05005-950200-2,0.447427293
05005-950200-3,0.18639329
05005-950300-1,0.45112782
05005-950300-2,0.218818381
05005-950300-3,0.100200401
05005-950400-1,0.278551532
05005-950400-2,0.184842884
05005-950500-1,0.182648402
05005-950500-2,0.116009281
05005-950500-3,0.278293135
05005-950500-4,0.322320709
05005-950600-1,0.235988201
05005-950600-2,0.37593985
05005-950600-3,0.654664484
05005-950700-1,0.230414747
05005-950700-2,0
05005-950700-3,0.323624595
05005-950801-1,0.61791967
05005-950801-2,0.129533679
05005-950801-3,0.504413619
05005-950802-1,0.286532951
05005-950900-1,0.172711572
05005-950900-2,0.364298725
05005-950900-3,0.325027086
05005-950900-4,0.481695568
05007-020102-1,0.970873786
05007-020102-2,1.024327785
05007-020102-3,0.769230769
05007-020102-4,0.846023689
05007-020103-1,0.869565217
05007-020103-2,1.538461538
05007-020103-3,1.147540984
05007-020104-1,0.630252101
05007-020201-1,0.414937759
05007-020201-2,0.120336943
05007-020201-3,1.043841336
05007-020203-1,0.281293952
05007-020203-2,0.184501845
05007-020205-1,1.140065147
05007-020205-2,1.168224299
05007-020205-3,1.187335092
05007-020206-1,0.984528833
05007-020206-2,0.793650794
05007-020206-3,0.610997963
05007-020301-1,0.273224044
05007-020301-2,0.250626566
05007-020301-3,0
05007-020302-1,1.167315175
05007-020302-2,0.434782609
05007-020302-3,1.162790698
05007-020304-1,0.919117647
05007-020305-1,0.714285714
05007-020305-2,0.623700624
05007-020401-1,0.622406639
05007-020401-2,0.612870276
05007-020401-3,0.397877984
05007-020402-1,0.710900474
05007-020402-2,0.650406504
05007-020402-3,0.400801603
05007-020404-1,0.930232558
05007-020404-2,0.779727096
05007-020404-3,0.647948164
05007-020405-1,0.879396985
05007-020405-2,0.365630713
05007-020501-1,0.290697674
05007-020501-2,0.726392252
05007-020501-3,0.834724541
05007-020501-4,0.35971223
05007-020503-1,0.471698113
05007-020503-2,1.231527094
05007-020503-3,0.269541779
05007-020504-1,0.821355236
05007-020504-2,0.380228137
05007-020604-1,0.323101777
05007-020604-2,0.418410042
05007-020604-3,1.520912548
05007-020605-1,0.729927007
05007-020605-2,0.21691974
05007-020605-3,1.035502959
05007-020606-1,0.639658849
05007-020606-2,0.179856115
05007-020607-1,1.398601399
05007-020607-2,1.624815362
05007-020607-3,0.609756098
05007-020608-1,0.895522388
05007-020608-2,1.376146789
05007-020701-1,1.037037037
05007-020701-2,0.858369099
05007-020701-3,0.889679715
05007-020701-4,2.941176471
05007-020703-1,0.218340611
05007-020703-2,1.572327044
05007-020703-3,0
05007-020704-1,2.205882353
05007-020704-2,2.014846235
05007-020801-1,1.290322581
05007-020801-2,1.893287435
05007-020801-3,0.948766603
05007-020801-4,1.048951049
05007-020803-1,0.775193798
05007-020803-2,0.389105058
05007-020803-3,0.826446281
05007-020805-1,0.806451613
05007-020805-2,1.244167963
05007-020805-3,0.92936803
05007-020806-1,0.569259962
05007-020806-2,0.490196078
05007-020806-3,1.045016077
05007-020903-1,2.612481858
05007-020903-2,0.601503759
05007-020904-1,2.339901478
05007-020904-2,1.787592008
05007-020905-1,1.938610662
05007-020905-2,1.605504587
05007-020906-1,3.408071749
05007-020906-2,0.573888092
05007-020906-3,3.138075314
05007-021001-1,0.738916256
05007-021001-2,0.617760618
05007-021001-3,0.58381985
05007-021001-4,1.004304161
05007-021003-1,0.668151448
05007-021003-2,3.225806452
05007-021004-1,0.150829563
05007-021004-2,1.62601626
05007-021004-3,1.36286201
05007-021101-1,1.01010101
05007-021101-2,1.754385965
05007-021101-3,1.365187713
05007-021101-4,1.727447217
05007-021102-1,0.983606557
05007-021102-2,1.354679803
05007-021201-1,0.664451827
05007-021201-2,1.276595745
05007-021201-3,2.04359673
05007-021202-1,0.92879257
05007-021202-2,0.695652174
05007-021304-1,3.06010929
05007-021304-2,1.432664756
05007-021304-3,1.03950104
05007-021305-1,1.414427157
05007-021305-2,0.755033557
05007-021305-3,1.88172043
05007-021305-4,1.896551724
05007-021306-1,0.664451827
05007-021306-2,0.515463918
05007-021308-1,1.913875598
05007-021308-2,1.020408163
05007-021312-1,0.324939074
05007-021312-2,0.622568093
05007-021313-1,1.53256705
05007-021313-2,1.231060606
05007-021314-1,2.222222222
05007-021314-2,1.754385965
05007-021315-1,1.573033708
05007-021315-2,0.775193798
05007-021315-3,1.157742402
05007-021316-1,2.222222222
05007-021316-2,1.230228471
05007-021317-1,1.018675722
05007-021317-2,1.503006012
05007-021404-1,0.593824228
05007-021404-2,0.638297872
05007-021404-3,0.942285041
05007-021405-1,0.943396226
05007-021405-2,1.208981002
05007-021405-3,0.699300699
05007-021406-1,0.217391304
05007-021406-2,0.894454383
05007-021406-3,0.688298918
05007-021407-1,0.615763547
05007-021407-2,1.229508197
05007-021407-3,0.766283525
05007-021408-1,0.305343511
05007-021408-2,0.376884422
05007-021408-3,1.128668172
05007-021409-1,1.384451544
05007-021409-2,0.941422594
05009-790100-1,1.393728223
05009-790100-2,0.884353741
05009-790100-3,0.79006772
05009-790200-1,1.226492232
05009-790200-2,0.391644909
05009-790200-3,1.073345259
05009-790200-4,1.715374841
05009-790300-1,0.763358779
05009-790300-2,0.758853288
05009-790300-3,0.49088359
05009-790400-1,0.929614874
05009-790400-2,1.071428571
05009-790400-3,0.675675676
05009-790400-4,0.942507069
05009-790501-1,1.118012422
05009-790501-2,0.660066007
05009-790501-3,2.140077821
05009-790502-1,1.314060447
05009-790502-2,0.790513834
05009-790502-3,2.551020408
05009-790600-1,2.051282051
05009-790600-2,1.740139211
05009-790600-3,1.181102362
05009-790600-4,0.715990453
05011-950100-1,0.410396717
05011-950100-2,0.81300813
05011-950200-1,0.406504065
05011-950200-2,0.517464424
05011-950300-1,0.347222222
05011-950300-2,0.581395349
05011-950300-3,0.213219616
05011-950400-1,0.421940928
05011-950400-2,0.884955752
05011-950500-1,0.644122383
05011-950500-2,0
05011-950500-3,0.22172949
05013-480100-1,0.310880829
05013-480100-2,1.22324159
05013-480200-1,1.274623407
05013-480200-2,0.477326969
05013-480200-3,1.162790698
05015-950100-1,0.515463918
05015-950100-2,2.367424242
05015-950201-1,1.206272618
05015-950201-2,1.722158439
05015-950201-3,1.851851852
05015-950202-1,0.857632933
05015-950202-2,1.718213058
05015-950202-3,1.275045537
05015-950301-1,0.846262341
05015-950301-2,0.313479624
05015-950302-1,0.924974306
05015-950302-2,0.588928151
05015-950400-1,0.822737472
05015-950400-2,0.757002271
05015-950400-3,0.421348315
05015-950501-1,1.018518519
05015-950501-2,0.24291498
05015-950502-1,0.416088766
05015-950502-2,1.207464325
05015-950502-3,0.27739251
05017-080100-1,0.118906064
05017-080100-2,0.211864407
05017-080100-3,0.238663484
05017-080200-1,0
05017-080200-2,0
05017-080200-3,0
05017-080300-1,1.44092219
05017-080300-2,0.851788756
05017-080300-3,0.273972603
05017-080400-1,0.706713781
05017-080400-2,0
05017-080400-3,1
05019-953601-3,0
05019-953602-1,0.42625746
05019-953700-1,0.308008214
05019-953700-2,0.369685767
05019-953700-3,0.21141649
05019-953700-4,0
05019-953800-2,0.704225352
05019-953901-1,0
05019-953901-2,0
05019-953902-1,0
05019-953902-2,0
05019-953902-3,0
05021-950100-1,0.477554919
05021-950100-2,0.093457944
05021-950200-1,0.24691358
05021-950200-2,0.224719101
05021-950300-1,0.187265918
05021-950300-2,0.165152766
05021-950400-1,0.421052632
05021-950400-2,0.367647059
05021-950400-3,0.424328147
05021-950500-1,0.145348837
05021-950500-2,0
05021-950600-1,0.274473925
05021-950600-2,0.077279753
05023-480100-1,0.236220472
05023-480100-2,0.407331976
05023-480100-3,0.15026296
05023-480201-1,0.677200903
05023-480201-2,0.117370892
05023-480203-1,0.186915888
05023-480203-2,0.273224044
05023-480203-3,0
05023-480204-1,0
05023-480301-1,0.133155792
05023-480301-2,0.511073254
05023-480302-1,0.119760479
05023-480302-2,0.205973223
05023-480400-1,0.409836066
05023-480400-2,0.228658537
05023-480400-3,0
05023-480501-1,0.078740157
05023-480501-2,0
05023-480502-1,0.491400491
05023-480502-2,0.243309002
05023-480502-3,0.120481928
05025-970100-1,0.236686391
05025-970100-2,0.157977883
05025-970100-3,0.663716814
05025-970100-4,1.075268817
05025-970200-1,0.410677618
05025-970200-2,0.97323601
05025-970200-3,0.986193294
05025-970200-4,0.412087912
05027-950100-2,0
05027-950100-3,0.298507463
05027-950100-4,0.176678445
05027-950200-2,0
05027-950200-3,0
05027-950200-4,0.244498778
05027-950301-1,0.14858841
05027-950301-2,0.226244344
05027-950302-1,0.180995475
05027-950302-2,0.257400257
05027-950401-2,1.171875
05027-950402-1,0
05027-950402-2,0
05027-950500-1,0.115473441
05027-950500-2,1.033591731
05027-950500-3,0.18018018
05029-950100-1,0.373134328
05029-950100-2,0.260416667
05029-950100-3,0.127795527
05029-950200-1,0.182815356
05029-950200-2,0.446428571
05029-950200-3,0.16064257
05029-950300-1,0.839160839
05029-950300-2,0
05029-950300-3,0.428265525
05029-950300-4,1.261829653
05029-950400-1,1.531728665
05029-950400-2,1.005025126
05029-950500-1,0.184672207
05029-950500-2,1.123595506
05029-950600-1,0.313971743
05029-950600-2,0.740740741
05031-000101-1,0
05031-000101-2,0.328947368
05031-000101-3,0.237529691
05031-000101-4,0
05031-000102-1,0.246305419
05031-000102-2,0.970873786
05031-000102-3,0.375234522
05031-000200-1,1.052631579
05031-000200-2,0.379506641
05031-000200-3,0
05031-000300-1,0.296735905
05031-000300-2,0.182149362
05031-000300-3,0.262467192
05031-000300-5,0.833333333
05031-000300-6,0.510204082
05031-000300-7,0.505050505
05031-000401-1,0.865800866
05031-000401-2,0.403632694
05031-000401-3,0
05031-000401-4,0.512820513
05031-000401-5,0.1017294
05031-000403-1,0.579710145
05031-000403-2,0.485436893
05031-000403-3,0.186915888
05031-000403-4,0.925925926
05031-000404-1,0
05031-000404-2,0.398406375
05031-000404-3,0
05031-000501-1,0.089928058
05031-000501-2,0.104058273
05031-000501-3,0.195121951
05031-000501-4,0.173611111
05031-000502-1,0.552486188
05031-000502-2,0.376506024
05031-000502-3,0
05031-000601-1,0.529661017
05031-000601-2,0
05031-000601-3,0.183150183
05031-000601-4,0
05031-000602-1,0.367647059
05031-000602-2,0.381679389
05031-000602-3,0.8
05031-000701-1,0.126903553
05031-000701-2,0.101214575
05031-000702-1,0.197628458
05031-000702-2,0.377358491
05031-000702-3,0.70323488
05031-000803-1,0.128040973
05031-000803-2,0.178890877
05031-000803-3,0.479616307
05031-000804-1,0.21691974
05031-000804-2,0.309597523
05031-000805-1,0.144508671
05031-000805-2,0.319488818
05031-000805-3,0
05031-000806-1,0.137931034
05031-000806-2,0.598290598
05031-000900-1,0.158478605
05031-000900-2,0.140449438
05031-000900-3,0
05031-000900-4,0.266311585
05031-001000-1,0
05031-001000-2,0.517464424
05031-001000-3,0
05031-001000-4,0.289435601
05031-001101-1,0.167644593
05031-001101-2,0.309597523
05031-001102-2,0.623700624
05031-001102-3,0.072516316
05031-001200-1,0.244498778
05031-001200-2,0.668151448
05031-001200-3,0.282885431
05031-001200-4,0.115340254
05033-020101-1,0.407055631
05033-020101-2,0.729927007
05033-020101-3,0.381679389
05033-020102-1,0.452898551
05033-020102-2,0.608272506
05033-020204-1,0.492610837
05033-020204-2,0.242130751
05033-020204-3,0.900900901
05033-020205-1,0.31496063
05033-020205-2,0.673194614
05033-020206-1,0.348432056
05033-020206-2,0.393700787
05033-020207-1,0.57096248
05033-020207-2,0.610500611
05033-020208-1,1.392405063
05033-020208-2,0.169779287
05033-020301-1,0.529100529
05033-020301-2,0.381679389
05033-020301-3,0
05033-020302-1,0.598802395
05033-020302-2,0.436046512
05033-020401-1,0
05033-020401-2,0.529100529
05033-020401-3,0.518806744
05033-020401-4,0.3
05033-020402-1,0.589225589
05033-020402-2,0.725806452
05033-020402-3,0.373831776
05033-020501-1,0.851788756
05033-020501-2,0.144927536
05033-020501-3,0.37593985
05033-020502-1,0
05033-020502-2,0.397877984
05033-020502-3,0.602409639
05033-020502-4,0
05033-020601-1,0.815217391
05033-020601-2,0.778967868
05033-020602-2,0.212314225
05033-020602-3,0.708382527
05033-020602-4,0.956937799
05033-020602-5,0.436681223
05033-020602-6,0.731707317
05033-030301-2,25
05035-030101-1,0.663716814
05035-030101-2,0.383141762
05035-030102-1,1.671309192
05035-030102-2,0
05035-030102-3,0.382409178
05035-030201-1,0
05035-030201-2,0.486618005
05035-030201-3,0.60362173
05035-030201-4,0.875912409
05035-030201-5,0.337837838
05035-030202-1,0.759013283
05035-030202-2,0.390625
05035-030202-3,0.834724541
05035-030301-1,0.41322314
05035-030301-2,0.72815534
05035-030302-1,0.837988827
05035-030302-2,0.222222222
05035-030503-1,0.591715976
05035-030503-2,0.845070423
05035-030601-1,0
05035-030602-1,0.263852243
05035-030602-2,0.331125828
05035-030602-3,0.356294537
05035-030701-1,0.709219858
05035-030701-2,0
05035-030702-1,0.173913043
05035-030703-1,0.842105263
05035-030803-1,0.417972832
05035-030804-1,0.942285041
05035-030804-2,0
05035-030805-1,0.571428571
05035-030805-2,0.397350993
05035-030806-1,1.016088061
05035-030806-2,0.158982512
05035-030807-1,0.821355236
05035-031000-1,0
05035-031000-2,0.925925926
05035-031100-1,0
05035-031100-2,0.262467192
05035-031100-3,0
05035-031100-4,0
05035-031200-1,0
05035-031200-2,0.817438692
05037-950100-1,0.142045455
05037-950200-1,0.22172949
05037-950200-2,0.197628458
05037-950200-3,0.113507378
05037-950300-1,0.190839695
05037-950300-2,0.383877159
05037-950400-1,0
05037-950400-2,0
05037-950400-3,0
05037-950500-1,0.16722408
05037-950500-2,0
05037-950500-3,0.23923445
05037-950500-4,0
05037-950600-1,0.420757363
05037-950600-2,0
05037-950600-3,0.409836066
05039-970100-1,0.519480519
05039-970100-2,0
05039-970200-1,0.190839695
05039-970200-2,0
05039-970300-1,0
05039-970300-2,0.940438871
05039-970300-3,0.938086304
05039-970300-4,0
05039-970300-5,0.221238938
05041-950100-1,0.221402214
05041-950200-1,0.105374078
05041-950200-3,0
05041-950200-4,0.323624595
05041-950300-1,0.303030303
05041-950300-2,0.591715976
05041-950400-1,1.449275362
05041-950400-2,0.477326969
05041-950400-3,0
05041-950500-1,0.213219616
05041-950500-2,0
05043-490100-1,0
05043-490100-2,0
05043-490100-3,0
05043-490200-1,0.318471338
05043-490200-2,0
05043-490200-3,0
05043-490300-1,0.178890877
05043-490300-2,0.282885431
05043-490300-4,0
05043-490300-5,0
05043-490400-1,0.146412884
05043-490400-3,0.314465409
05043-490500-1,0.310077519
05043-490500-2,0.17452007
05043-490500-3,0.324149109
05043-490500-4,0.469483568
05045-030101-1,0.122699387
05045-030101-2,0.183374083
05045-030102-1,0.16722408
05045-030102-2,0.194174757
05045-030102-3,0.102669405
05045-030103-1,0.119474313
05045-030103-2,0.715746421
05045-030104-1,0.147492625
05045-030104-2,0.232378002
05045-030201-1,0.231481481
05045-030201-2,0.314712825
05045-030202-1,0.24291498
05045-030202-2,0.722673893
05045-030301-1,0.868486352
05045-030301-2,1.382488479
05045-030301-3,0.995024876
05045-030302-1,1.078838174
05045-030302-2,1.465201465
05045-030302-3,2.83446712
05045-030303-1,0.866217517
05045-030303-2,0.572246066
05045-030303-3,1.769911504
05045-030401-1,1.10864745
05045-030401-2,0.81300813
05045-030402-1,0.71942446
05045-030402-2,0.736497545
05045-030403-1,0.488997555
05045-030403-2,0.630517024
05045-030404-1,0.964630225
05045-030404-2,0.624024961
05045-030502-1,0
05045-030502-2,0.295857988
05045-030502-3,0.483091787
05045-030502-4,0
05045-030503-1,0.337268128
05045-030503-2,0.5
05045-030503-3,0.819672131
05045-030504-1,0.456621005
05045-030504-2,0
05045-030504-3,0
05045-030504-4,0
05045-030600-1,0.627352572
05045-030600-2,0.635930048
05045-030600-3,0.189393939
05045-030701-1,0.166944908
05045-030701-2,1.057082452
05045-030702-1,0.707964602
05045-030702-2,0.595238095
05045-030702-3,0.241545894
05045-030800-1,0.355871886
05045-030800-2,0
05045-030800-4,0.4784689
05045-030800-5,0
05045-030900-1,0.73800738
05045-030900-2,0.294117647
05045-030900-3,1.101321586
05045-031001-1,0.400801603
05045-031001-2,0.596421471
05045-031001-3,1.5625
05045-031003-1,1.069518717
05045-031003-2,2.162162162
05045-031006-1,1.228070175
05045-031006-2,0.574162679
05045-031007-1,0.329489292
05045-031007-2,0.357142857
05045-031008-1,1.495016611
05045-031008-2,0.191204589
05045-031101-1,0.837988827
05045-031101-2,2.445652174
05045-031101-3,0.352733686
05045-031102-1,1.180438449
05045-031102-2,0.669344043
05045-031102-3,0.376411543
05047-950100-1,0.116550117
05047-950100-2,0.269784173
05047-950100-3,0.236686391
05047-950201-1,0.196560197
05047-950202-1,0
05047-950202-2,0
05047-950202-3,0.636942675
05047-950301-1,0.143198091
05047-950301-2,0.283822138
05047-950301-3,0.360144058
05047-950302-1,0.228050171
05047-950302-2,0.488758553
05049-550101-1,0.362976407
05049-550101-2,0.169204738
05049-550101-3,0
05049-550102-1,0.082781457
05049-550102-2,0.469483568
05049-550102-3,0.193423598
05049-550201-1,0.428265525
05049-550201-2,0.243605359
05049-550201-3,0
05049-550202-1,0.08912656
05049-550202-2,0.385604113
05049-550202-3,0.364520049
05051-010301-1,0.952380952
05051-010301-2,0.207900208
05051-010301-3,1.505376344
05051-010302-1,0.715990453
05051-010302-2,0.539568345
05051-010401-1,0.644567219
05051-010401-2,0.208986416
05051-010402-1,1.130653266
05051-010402-2,0.595238095
05051-010402-3,2.180232558
05051-010501-1,1.051401869
05051-010501-2,0.37593985
05051-010501-3,0.879765396
05051-010502-1,0.234192037
05051-010502-2,0.549450549
05051-010601-1,0.919842313
05051-010602-1,0.503778338
05051-010602-2,0.680272109
05051-010602-3,0.887573964
05051-010700-1,0.636942675
05051-010700-2,1.038062284
05051-010700-3,0.73800738
05051-010800-1,0.296735905
05051-010800-2,2.18579235
05051-010800-3,0.632911392
05051-010900-1,0.432900433
05051-010900-2,0.342465753
05051-010900-3,0.892857143
05051-010900-4,0
05051-011001-1,0.828402367
05051-011001-2,0.455927052
05051-011002-1,1.119023398
05051-011101-1,0
05051-011101-2,0.572831424
05051-011101-3,0.78057242
05051-011102-1,1.049317943
05051-011102-2,0.445103858
05051-011102-3,0.655021834
05051-011201-1,0.768491835
05051-011201-2,0.649350649
05051-011201-3,0.341296928
05051-011201-4,1.073825503
05051-011202-1,0.448028674
05051-011202-2,0.128534704
05051-011300-1,0.659340659
05051-011300-2,0.900900901
05051-011300-3,1.390644753
05051-011300-4,0.907441016
05051-011400-1,0.23255814
05051-011400-2,0.184162063
05051-011400-3,0.284090909
05051-011500-1,0.46728972
05051-011500-2,0
05051-011500-3,0.23364486
05051-011601-1,0.56710775
05051-011601-2,0
05051-011601-3,0.333889816
05051-011601-4,0.464037123
05051-011602-1,0.560747664
05051-011602-2,0.579150579
05051-011602-3,0.634249471
05051-011602-4,0.5
05051-011701-1,0.471698113
05051-011701-2,1.62037037
05051-011701-3,1.162790698
05051-011701-4,1.146788991
05051-011702-1,0.298953662
05051-011801-1,0.215053763
05051-011801-2,1.232394366
05051-011802-1,1.126760563
05051-011802-2,0.775193798
05051-011802-3,0
05051-011901-1,1.452282158
05051-011901-2,0.757575758
05051-011901-3,1.034928849
05051-011902-1,0.899742931
05051-011902-2,0.145560408
05051-012001-1,0.826446281
05051-012001-2,0.778816199
05051-012001-3,0.154798762
05051-012001-4,0.215982721
05051-012002-1,0.35335689
05051-012002-2,0.683994528
05053-470100-1,0.860832138
05053-470100-2,0.818833163
05053-470100-3,0.27173913
05053-470200-1,0.330033003
05053-470200-2,0.59347181
05053-470300-1,0.076103501
05053-470300-2,1.018329939
05053-470300-3,0.22172949
05053-470401-1,0.764525994
05053-470401-2,0.275862069
05053-470402-1,0.605326877
05055-480100-1,0.298507463
05055-480100-2,0.636942675
05055-480100-3,0
05055-480200-1,0.399680256
05055-480200-2,0.24968789
05055-480200-3,0.316455696
05055-480300-1,0.166666667
05055-480300-2,0.126662445
05055-480401-1,0
05055-480401-2,0.099601594
05055-480402-1,0.277777778
05055-480402-2,0.097087379
05055-480501-1,0
05055-480501-2,0.268096515
05055-480501-3,0
05055-480502-1,0
05055-480502-2,0
05055-480601-1,0
05055-480601-2,0.132100396
05055-480601-3,0
05055-480602-1,0.070871722
05055-480602-2,0.241351569
05055-480700-1,0.363636364
05055-480700-2,0.334448161
05055-480801-1,0.135501355
05055-480801-2,0.193050193
05055-480801-3,0.136798906
05055-480802-1,0
05055-480802-2,0
05055-480802-3,0.553250346
05057-480101-1,0.082644628
05057-480101-2,0
05057-480102-1,0.335120643
05057-480102-2,0.542495479
05057-480200-1,0.115740741
05057-480200-2,0.209205021
05057-480200-3,0.555555556
05057-480301-1,0
05057-480301-2,0
05057-480301-3,0.31152648
05057-480302-1,0.630914826
05057-480302-2,0.266666667
05057-480302-3,0.11820331
05057-480400-1,0.166666667
05057-480400-2,0.103305785
05057-480400-3,0.365408039
05057-480400-4,0.211864407
05057-480500-1,0.27739251
05057-480500-2,0
05057-480500-3,0.126742712
05059-020101-1,0.764655905
05059-020101-2,1.072961373
05059-020102-1,0.943396226
05059-020102-2,0.412654746
05059-020200-1,0
05059-020200-2,0
05059-020200-3,0.373831776
05059-020200-4,1.470588235
05059-020300-1,0.43956044
05059-020300-2,0.678733032
05059-020400-1,1.327433628
05059-020400-2,0.183823529
05059-020400-3,0.996677741
05059-020400-4,2.207505519
05059-020400-5,0.215517241
05059-020500-1,0.131752306
05059-020500-2,0.356824264
05059-020500-3,0.119189511
05059-020600-1,0.466562986
05059-020600-2,0.260416667
05059-020600-3,0.117096019
05059-020701-1,0.403225806
05059-020701-2,0.232018561
05059-020702-1,0.140056022
05059-020702-2,0.903225806
05059-020702-3,0.566572238
05061-950100-1,0.69637883
05061-950100-2,0.287562904
05061-950100-3,0.92226614
05061-950100-4,0.453001133
05061-950200-1,0.362756953
05061-950200-2,0.148257969
05061-950200-3,0.59970015
05061-950200-4,0.669642857
05061-950300-1,0.427960057
05061-950300-2,0.211864407
05061-950300-3,0
05061-950300-4,0.877192982
05063-490101-1,0.088495575
05063-490101-2,0.235294118
05063-490102-1,0
05063-490102-2,0.173611111
05063-490102-3,0.261096606
05063-490200-1,0
05063-490200-2,0.331674959
05063-490200-3,0
05063-490300-1,0.292682927
05063-490300-2,0.911161731
05063-490300-3,0.296735905
05063-490300-4,0.157480315
05063-490300-5,0.833333333
05063-490400-1,0.196656834
05063-490400-2,0.128205128
05063-490400-3,0
05063-490400-4,0.135135135
05063-490500-1,0.230680507
05063-490500-2,0.328947368
05063-490600-1,0
05063-490600-2,0.863309353
05063-490701-1,0.447928331
05063-490701-2,0.238284353
05063-490702-1,0.507614213
05063-490702-2,0.381679389
05063-490702-3,0.308959835
05063-490800-1,0
05063-490800-2,0.236406619
05063-490800-3,0
05063-490800-4,0.180342651
05065-960100-1,0.396301189
05065-960100-2,0.407331976
05065-960100-3,0.102880658
05065-960200-1,0.392156863
05065-960200-2,0.453309157
05065-960200-3,0.206043956
05065-960300-1,0.388349515
05065-960300-2,0.745341615
05065-960400-1,0.275292498
05065-960400-2,0.431034483
05067-480100-1,0
05067-480100-2,0.684931507
05067-480100-3,0.204081633
05067-480100-4,0.355239787
05067-480200-1,0.702987698
05067-480200-2,0.464037123
05067-480200-3,0
05067-480200-4,0.819672131
05067-480200-5,0
05067-480300-1,0.163132137
05067-480300-2,0
05067-480300-3,0
05067-480300-4,0.407331976
05067-480401-1,0.129198966
05067-480401-2,0.193423598
05067-480402-1,0.421348315
05067-480500-1,0
05069-000102-1,2.325581395
05069-000301-1,1.123595506
05069-000301-2,0.663716814
05069-000301-3,0.919117647
05069-000302-1,0.8
05069-000302-2,0.682593857
05069-000302-3,1.058201058
05069-000302-4,1.276595745
05069-000302-5,0.597609562
05069-000303-1,0.56022409
05069-000303-2,0.619195046
05069-000303-3,0.151745068
05069-000502-1,0.258397933
05069-000502-2,0
05069-000900-1,0.415800416
05069-000900-2,0.508905852
05069-000900-3,0.446428571
05069-000900-4,1.136363636
05069-001000-1,0.234192037
05069-001000-2,0.224215247
05069-001200-1,0
05069-001200-2,0
05069-001200-3,0.327868852
05069-001200-4,0
05069-001300-1,0.701754386
05069-001300-2,0.24691358
05069-001300-3,0
05069-001401-1,0.882352941
05069-001401-2,0.689655172
05069-001402-2,0.67114094
05069-001402-3,0.293255132
05069-001501-1,0.963081862
05069-001501-2,0.209205021
05069-001502-1,0.947867299
05069-001502-2,0
05069-001502-3,0
05069-001502-4,0
05069-001600-2,0.607902736
05069-001600-3,0
05069-001600-4,0.279329609
05069-001700-1,0.284090909
05069-001700-3,0.446428571
05069-001700-4,0.310559006
05069-001800-1,0
05069-001800-2,0
05069-001800-3,0.539083558
05069-001901-1,0.376647834
05069-001903-1,1.587301587
05069-001903-2,0
05069-002000-1,0.469924812
05069-002000-2,0.433369447
05069-002103-1,0.380952381
05069-002103-2,0.771604938
05069-002103-3,0.317460317
05069-002104-1,0
05069-002104-2,0.304414003
05069-002300-1,1.582733813
05069-002300-2,0
05069-002300-3,0
05069-002300-4,0.848896435
05069-002400-1,0.570342205
05069-002400-2,1.09670987
05069-002500-1,0.348128808
05071-951700-1,0.237906423
05071-951700-2,0.508259212
05071-951700-3,0.353107345
05071-951800-1,0
05071-951800-2,0.131752306
05071-951800-3,0.156372166
05071-951900-1,0.784313725
05071-951900-2,0
05071-951900-3,0.444444444
05071-952000-1,0
05071-952000-2,0
05071-952000-3,0.167785235
05071-952100-2,0.276243094
05071-952200-1,0
05071-952200-2,0.379266751
05071-952200-3,0.056116723
05073-470101-1,0.205761317
05073-470101-2,0.19379845
05073-470101-3,0
05073-470102-1,0
05073-470102-2,0.240384615
05073-470200-1,0.23364486
05073-470200-2,0.770218228
05073-470200-3,0.166666667
05073-470200-4,0.190839695
05075-470100-1,0.153609831
05075-470100-2,0.455235205
05075-470200-1,0
05075-470200-2,0.092336103
05075-470200-3,0
05075-470200-4,0.126262626
05075-470300-1,0.475624257
05075-470300-2,0.288461538
05075-470400-1,0.357142857
05075-470501-1,0
05075-470501-2,0.742574257
05075-470501-3,0.680272109
05075-470502-1,0
05075-470502-2,0.24691358
05075-470502-3,0.298953662
05075-470502-4,0.218818381
05075-470502-5,0.315457413
05077-470100-1,0.573613767
05077-470100-2,0.228310502
05077-470200-1,0
05077-470200-2,0.11682243
05077-470300-3,0.154320988
05077-470300-4,0
05077-470400-1,0
05077-470400-2,0
05079-960300-1,0
05079-960300-2,0
05079-960300-3,0.219538968
05079-960400-1,0.551615445
05079-960400-2,0.522193211
05079-960500-1,0
05079-960500-2,0
05079-960600-1,0
05079-960600-2,0.386100386
05079-960600-3,0.128369705
05081-030101-1,1.975308642
05081-030101-2,0.308641975
05081-030101-3,0.591715976
05081-030103-1,0.643776824
05081-030103-2,0.60483871
05081-030103-3,0
05081-030104-1,0.576701269
05081-030104-2,0.567375887
05081-030200-1,1.094391245
05081-030200-2,0.758725341
05081-030200-3,0.681431005
05081-030301-1,0.088652482
05081-030302-1,0
05081-030302-2,0.177935943
05083-950100-1,0.073800738
05083-950100-2,0.05790388
05083-950100-3,0
05083-950200-1,0.087183958
05083-950200-2,0.101832994
05083-950200-3,0.240192154
05083-950300-1,0.260078023
05083-950300-2,0.396825397
05083-950300-3,0.688073394
05083-950400-1,0.210526316
05083-950400-2,0.563909774
05083-950500-1,0.139470014
05083-950500-2,0.32
05083-950500-3,0
05083-950500-4,0.333333333
05083-950600-1,0
05083-950600-2,0.295857988
05085-020102-1,2.77214334
05085-020102-2,1.841359773
05085-020103-1,1.765030336
05085-020103-2,1.003134796
05085-020105-1,1.080691643
05085-020105-2,2.100840336
05085-020106-1,0.81300813
05085-020107-1,0.71197411
05085-020108-1,0.948275862
05085-020108-2,1.401869159
05085-020201-1,1.071975498
05085-020201-2,1.888574127
05085-020202-1,1.032448378
05085-020202-2,1.650943396
05085-020202-3,1.6
05085-020204-1,2.836879433
05085-020204-2,1.441241685
05085-020204-3,3.648424544
05085-020205-1,1.02960103
05085-020205-2,1.123595506
05085-020205-3,2.261712439
05085-020206-1,2.440944882
05085-020206-2,0.587371512
05085-020301-1,0.720720721
05085-020301-2,1.170212766
05085-020301-3,0.770218228
05085-020302-1,0.87163233
05085-020302-2,0.944206009
05085-020400-1,0
05085-020400-2,0.333889816
05085-020400-3,0.24691358
05085-020500-1,0.785340314
05085-020500-2,1.020408163
05085-020500-3,0.809716599
05085-020600-1,1.092896175
05085-020600-2,0.632111252
05085-020700-1,1.70212766
05085-020700-2,1.255230126
05085-020700-3,1.147227533
05085-020800-1,0.492610837
05085-020800-2,0.217391304
05087-960100-1,0.539568345
05087-960100-2,0.844704353
05087-960100-3,0.588235294
05087-960200-1,0.820419325
05087-960200-2,0.139664804
05087-960200-3,1.245551601
05087-960300-1,0.651890482
05087-960300-2,1.483050847
05087-960300-3,0.417710944
05087-960300-4,0.143884892
05087-960400-1,1.01910828
05087-960400-2,0.468603561
05087-960400-3,0.79787234
05089-960100-1,0.104712042
05089-960100-2,0.580046404
05089-960100-3,0.376647834
05089-960100-4,0.273224044
05089-960201-1,0.600858369
05089-960201-2,0.646203554
05089-960201-3,0
05089-960202-1,0.455788514
05089-960202-2,0.162074554
05089-960202-3,0.15128593
05089-960301-1,0.094607379
05089-960301-2,0.852272727
05089-960301-3,0.267379679
05089-960302-1,0.237247924
05089-960302-2,0.173310225
05089-960302-3,0.440528634
05089-960302-4,0
05091-020100-1,0.201612903
05091-020100-2,0
05091-020100-3,0
05091-020400-1,0.67114094
05091-020400-2,0.307692308
05091-020400-3,0.819672131
05091-020500-1,0.326797386
05091-020500-2,0.701754386
05091-020600-2,0
05091-020701-1,0.27700831
05091-020701-2,0.59347181
05091-020702-1,0.13368984
05091-020702-2,0
05091-020801-1,0.414364641
05091-020801-2,0.229885057
05091-020802-1,0.123915737
05091-020802-2,0.21141649
05091-020802-3,0.779220779
05091-020901-1,0.077459334
05091-020901-2,0.31496063
05091-020902-1,0.212539851
05091-020902-2,0.433275563
05091-020902-3,0.203942896
05091-021001-1,0.146842878
05091-021001-2,0.186567164
05091-021001-3,0.390625
05091-021001-4,0.183150183
05091-021002-1,0.221238938
05091-021002-3,0.141442716
05091-021002-4,0.672268908
05093-010100-1,0.943396226
05093-010100-2,0.398406375
05093-010100-3,0.164744646
05093-010200-1,0
05093-010200-2,0.518672199
05093-010200-3,0.611620795
05093-010200-4,0.772200772
05093-010200-5,0
05093-010300-1,0.266666667
05093-010300-2,0.68119891
05093-010300-3,0.210526316
05093-010601-1,0.508905852
05093-010601-2,0.488997555
05093-010601-3,0.221238938
05093-010601-4,0
05093-010601-5,0.858369099
05093-010602-1,0
05093-010700-1,0
05093-010700-2,0.199203187
05093-010700-3,0.194552529
05093-010700-4,0.190114068
05093-010801-1,0.507614213
05093-010801-2,0.315457413
05093-010801-3,0.287356322
05093-010801-4,0.527704485
05093-010802-1,0.306748466
05093-010802-2,0.169779287
05093-010802-3,0.858369099
05093-010900-1,0.263852243
05093-010900-2,0
05093-010900-3,0
05093-011000-1,0
05093-011000-2,0
05093-011000-3,0.238663484
05093-011000-4,0
05093-011100-1,0
05093-011100-2,0.110497238
05093-011200-1,0.859598854
05093-011200-2,0.344827586
05093-011300-1,0
05093-011300-2,0.649350649
05093-011400-1,0.242718447
05093-011400-2,0.25
05093-011400-3,0
05093-050100-1,0
05095-950100-1,1
05095-950100-2,0
05095-950100-3,0.111607143
05095-950100-4,0
05095-950200-1,0.348432056
05095-950200-2,0.442477876
05095-950300-1,0.326441785
05095-950300-2,0.179372197
05097-953000-1,0.337457818
05097-953000-2,0.741839763
05097-953000-3,0.874125874
05097-953000-4,1.282051282
05097-953100-1,0.444049734
05097-953100-2,0.825471698
05097-953200-1,0.741962077
05097-953200-2,0.777777778
05097-953200-3,0.503144654
05099-090100-1,0.258397933
05099-090100-2,0.175438596
05099-090100-3,0
05099-090200-1,0.102880658
05099-090200-2,0.262467192
05099-090200-3,0.139567341
05099-090300-1,0
05099-090300-2,0
05099-480101-2,33.33333333
05101-180100-1,0.736377025
05101-180100-2,1.257334451
05101-180100-3,0.793021412
05101-180200-1,0.608930988
05101-180200-2,0.855263158
05101-180200-3,0.447284345
05103-950101-1,0.386100386
05103-950101-2,0.900900901
05103-950102-1,1.084598698
05103-950102-2,0.242718447
05103-950102-3,0.234741784
05103-950102-4,0
05103-950200-1,0.272479564
05103-950200-2,0.305810398
05103-950301-1,0.170940171
05103-950301-2,0.518134715
05103-950302-1,0
05103-950302-2,0.646203554
05103-950302-3,0
05103-950400-1,0.323624595
05103-950400-2,0.144300144
05103-950400-3,0
05103-950500-1,0.470588235
05103-950500-2,0.19379845
05103-950500-3,0.456621005
05103-950600-2,0
05103-950600-3,0.313479624
05103-950600-4,0.409836066
05103-950600-5,0.663349917
05103-950600-6,0.816326531
05105-952700-1,0.969932105
05105-952700-2,0.557413601
05105-952700-3,0.736196319
05105-952700-4,0.312989045
05105-952800-1,0.25
05105-952800-2,0.286123033
05105-952800-3,0.296735905
05105-952900-1,0.291970803
05105-952900-2,0.21978022
05107-480100-2,0.526315789
05107-480100-4,0.226244344
05107-480201-1,0.241254524
05107-480201-2,0.614754098
05107-480201-3,0.514138817
05107-480202-1,0.114942529
05107-480202-2,0.67001675
05107-480202-3,0.277777778
05107-480300-1,0.278551532
05107-480300-2,0.263157895
05107-480300-3,0
05107-480300-4,0
05107-480300-5,0
05107-480300-6,0.572519084
05107-480400-1,0
05107-480400-3,1.556420233
05107-480500-1,0
05107-480500-2,0.732600733
05107-480500-3,0
05107-480600-1,0.27027027
05107-480600-2,0.17699115
05109-953300-1,0.983606557
05109-953300-2,0.185873606
05109-953300-3,0
05109-953400-1,0.234741784
05109-953400-2,0.468018721
05109-953500-1,0.189753321
05109-953500-2,0
05109-953500-3,0.485436893
05109-953500-4,0.269905533
05111-490100-1,0.325732899
05111-490100-2,0.20242915
05111-490100-3,0
05111-490100-4,0.459770115
05111-490100-5,0
05111-490200-1,0.383141762
05111-490200-2,0
05111-490300-1,0.186219739
05111-490300-2,0.328407225
05111-490300-3,0.313479624
05111-490400-1,0.113895216
05111-490400-2,0.84317032
05111-490400-3,0.554785021
05111-490501-1,0.439882698
05111-490501-2,0.44709389
05111-490502-1,0
05111-490502-2,0.21691974
05111-490502-3,0.159489633
05111-490600-1,0
05111-490600-2,0.479616307
05111-490700-1,0
05111-490700-2,0
05111-490700-3,0.327868852
05113-950100-1,0.357781753
05113-950100-2,0.162513543
05113-950100-3,0.078064012
05113-950201-1,0.386847195
05113-950201-2,1.642710472
05113-950202-1,0.279589935
05113-950202-2,0
05113-950202-3,0.153609831
05113-950300-1,0.075815011
05113-950300-2,0.418410042
05113-950400-1,0.324412003
05113-950400-2,0.891719745
05113-950500-1,0.103092784
05113-950500-2,0
05113-950600-1,0.236220472
05113-950600-2,0.155279503
05115-950700-1,0.318471338
05115-950700-2,0.121359223
05115-950700-3,0
05115-950800-1,0.103626943
05115-950800-2,0.121065375
05115-950800-3,0.106609808
05115-950901-1,0.705645161
05115-950901-2,0.164473684
05115-950902-1,0.32
05115-950902-2,0.323624595
05115-950902-3,0.439882698
05115-951000-1,0.143575018
05115-951000-2,0.110253583
05115-951000-3,0.128205128
05115-951100-1,0.251256281
05115-951100-2,0.12300123
05115-951100-3,0
05115-951201-1,0.265957447
05115-951201-2,0.139664804
05115-951202-1,0.215053763
05115-951202-2,0.258397933
05115-951202-3,0.379867047
05115-951301-1,0
05115-951302-1,0
05115-951302-2,0.337837838
05115-951302-3,0.198412698
05115-951303-1,0
05115-951303-2,0.27700831
05115-951400-1,0.368324125
05115-951400-2,0.278551532
05115-951501-1,0.106951872
05115-951501-2,0.161550889
05115-951503-1,0.283286119
05115-951503-2,0.657894737
05115-951504-1,0
05115-951504-2,0
05115-951601-1,0
05115-951601-2,0.396825397
05115-951601-3,0.130718954
05115-951601-4,0.438596491
05115-951602-1,0.261096606
05117-460100-1,0
05117-460100-2,0
05117-460100-3,0.189035917
05117-460100-4,0
05117-460200-1,0.174672489
05117-460200-2,0.226244344
05117-460200-3,0.236966825
05117-460300-1,0.370828183
05117-460300-2,0.369685767
05117-460300-3,0.573065903
05119-000500-1,0.530503979
05119-000500-2,0.246305419
05119-000500-3,0
05119-001100-1,0
05119-001100-2,0
05119-001200-1,0
05119-001200-2,0
05119-001300-1,0.27700831
05119-001300-2,0.27700831
05119-001300-3,0.27700831
05119-001501-1,0.802139037
05119-001501-2,0.27739251
05119-001501-3,0
05119-001502-1,0.21978022
05119-001502-2,0.21978022
05119-001502-3,0.400801603
05119-001600-1,0.19379845
05119-001600-2,0.248756219
05119-001600-3,0.20768432
05119-001600-4,0
05119-001800-1,0.235294118
05119-001800-2,0.235294118
05119-001800-3,0.244498778
05119-001800-4,0.182815356
05119-001900-1,0
05119-001900-2,0.168634064
05119-001900-3,0.236406619
05119-002001-1,0.483091787
05119-002001-2,0
05119-002001-3,0
05119-002002-1,0
05119-002002-2,0.357142857
05119-002002-3,0.143884892
05119-002102-1,0.143884892
05119-002102-2,0.143884892
05119-002102-3,0.208768267
05119-002103-1,0
05119-002103-2,0
05119-002104-1,0.223214286
05119-002104-2,0.382409178
05119-002104-3,0.286532951
05119-002104-4,0.169204738
05119-002203-1,0.165016502
05119-002203-2,0.892857143
05119-002203-3,0.892857143
05119-002203-4,0.27700831
05119-002206-1,0.27700831
05119-002206-2,0.621118012
05119-002206-3,0.621118012
05119-002208-1,0
05119-002208-2,0.369685767
05119-002209-1,0.369685767
05119-002209-2,0
05119-002209-3,0.67114094
05119-002210-1,0.328407225
05119-002211-1,0.284090909
05119-002211-2,0
05119-002211-3,0
05119-002403-1,0
05119-002403-2,0
05119-002403-3,0
05119-002405-1,0.613496933
05119-002405-2,1.480263158
05119-002405-3,0.739371534
05119-002406-1,0.195694716
05119-002406-2,0.25220681
05119-002407-1,0.128865979
05119-002409-1,0.128865979
05119-002409-2,0.128865979
05119-002409-3,0.128865979
05119-002410-1,0.174825175
05119-002410-2,0.695652174
05119-002500-1,0.166389351
05119-002600-1,0.558659218
05119-002700-1,0
05119-002700-2,0.468384075
05119-002700-3,0.27739251
05119-002700-4,0.235017626
05119-002700-5,0.235017626
05119-002800-1,1.486988848
05119-002800-2,0.706713781
05119-002900-1,0.320512821
05119-003001-1,0.320512821
05119-003001-2,1.208459215
05119-003001-3,0.689655172
05119-003001-4,0
05119-003002-1,0.412371134
05119-003002-2,0.412371134
05119-003002-3,0
05119-003100-1,0
05119-003202-1,0.738916256
05119-003202-2,0
05119-003202-3,0.367647059
05119-003202-4,0.506970849
05119-003207-1,0.950118765
05119-003207-2,0.626304802
05119-003208-1,0.950871632
05119-003208-2,0.950871632
05119-003208-3,0.22172949
05119-003303-1,0.548446069
05119-003303-2,0.815217391
05119-003303-3,0.841346154
05119-003305-1,0.158730159
05119-003305-2,0
05119-003305-3,0
05119-003305-4,0
05119-003306-1,0.819672131
05119-003306-2,0.721153846
05119-003307-1,0.721153846
05119-003307-2,0.721153846
05119-003308-1,0.386847195
05119-003308-2,0
05119-003308-3,0
05119-003308-4,0
05119-003403-1,0.708215297
05119-003403-2,0.881488737
05119-003404-1,1.063829787
05119-003404-2,0.462962963
05119-003404-3,0.766609881
05119-003405-1,0.664010624
05119-003406-1,0.864304235
05119-003406-2,0.262812089
05119-003406-3,0.54200542
05119-003604-1,2.043422733
05119-003604-2,3.266787659
05119-003604-3,0
05119-003605-1,0.890207715
05119-003605-2,1.758014478
05119-003605-3,0.336700337
05119-003605-4,0.692041522
05119-003606-1,0
05119-003606-2,1.025641026
05119-003606-3,0.67114094
05119-003607-1,0.223214286
05119-003607-2,1.554404145
05119-003607-3,0.573065903
05119-003608-1,0.578034682
05119-003608-2,1.152368758
05119-003608-3,0.815217391
05119-003609-1,1.745200698
05119-003609-2,1.990811639
05119-003609-3,0.986193294
05119-003703-1,0.281690141
05119-003703-2,1.168224299
05119-003703-3,0.314465409
05119-003703-4,0.725952813
05119-003703-5,0.264550265
05119-003703-6,0.357781753
05119-003704-1,0.122699387
05119-003704-2,0.761035008
05119-003707-1,0.775193798
05119-003707-2,0
05119-003707-3,1.073619632
05119-003711-1,0.961538462
05119-003711-2,0.393700787
05119-003711-3,0.831600832
05119-003711-4,1.231802912
05119-003712-1,0.395256917
05119-003712-2,0.821355236
05119-003712-3,0.686106346
05119-003713-1,0.864553314
05119-003713-2,0.67294751
05119-003714-1,0.888888889
05119-003714-2,1.875
05119-003714-3,0.337837838
05119-003714-4,2.012072435
05119-003800-1,0
05119-003800-2,0.21141649
05119-003800-3,1.913393756
05119-003800-4,1.146788991
05119-003900-1,1.572739187
05119-003900-2,0.672143391
05119-004001-1,1.075268817
05119-004001-2,0
05119-004001-3,0
05119-004004-1,0.583941606
05119-004004-2,0.554785021
05119-004004-3,1.646090535
05119-004005-1,1.44
05119-004005-2,1.051248357
05119-004006-1,0.416666667
05119-004006-2,0.537634409
05119-004006-3,0.953895072
05119-004006-4,1.075268817
05119-004007-1,0.394736842
05119-004007-2,0.66518847
05119-004103-1,0
05119-004103-2,0
05119-004103-3,1.535508637
05119-004104-1,0.465116279
05119-004104-2,1.474201474
05119-004105-1,0.830367734
05119-004105-2,0
05119-004105-3,1.055099648
05119-004106-1,0.412654746
05119-004106-2,0.460829493
05119-004106-3,0.519930676
05119-004107-1,0.152671756
05119-004107-2,0.152671756
05119-004108-1,0.280898876
05119-004108-2,0.197238659
05119-004108-3,0.655737705
05119-004201-1,1.050420168
05119-004201-2,0.135135135
05119-004202-1,1.709401709
05119-004202-2,0.89206066
05119-004205-1,1.418439716
05119-004205-2,2.237762238
05119-004213-1,0.178571429
05119-004213-2,0.474495848
05119-004214-1,0.630252101
05119-004214-2,0.204918033
05119-004215-1,0.204918033
05119-004215-2,0.15060241
05119-004215-3,0.15060241
05119-004215-4,0.15060241
05119-004218-1,0.282087447
05119-004218-2,0.342465753
05119-004219-1,0.342465753
05119-004219-2,0.377358491
05119-004219-3,0.377358491
05119-004219-4,0.155279503
05119-004220-1,0.915331808
05119-004220-2,0.346620451
05119-004220-3,0.220750552
05119-004220-4,1.538461538
05119-004222-1,1.538461538
05119-004222-2,0
05119-004223-1,0.674157303
05119-004223-2,0.496277916
05119-004224-1,0.130378096
05119-004224-2,0.351699883
05119-004225-1,0.901916573
05119-004225-2,0.967741935
05119-004226-1,0.967741935
05119-004226-2,0.765696784
05119-004227-1,1.737451737
05119-004227-2,1.59453303
05119-004228-1,1.023890785
05119-004228-2,0.795755968
05119-004229-1,0.772200772
05119-004229-2,2.233676976
05119-004229-3,0.620155039
05119-004302-1,1.02739726
05119-004302-2,1.176470588
05119-004302-3,0.257731959
05119-004302-4,1.742160279
05119-004306-1,1.008827238
05119-004306-2,2.173913043
05119-004306-3,1.430842607
05119-004307-1,1.263157895
05119-004307-2,1.74291939
05119-004308-1,1.724137931
05119-004308-2,0.856793146
05119-004309-1,1.704966642
05119-004309-2,3.692307692
05119-004310-1,0.690846287
05119-004310-2,0.655737705
05119-004310-3,2.870813397
05119-004311-1,2.575107296
05119-004311-2,1.056338028
05119-004400-1,1.119402985
05119-004400-2,1.119402985
05119-004500-1,1.119402985
05119-004500-2,0
05119-004600-1,0
05119-004600-2,0.389105058
05119-004600-3,1.195219124
05119-004700-1,1.195219124
05119-004700-2,1.195219124
05119-004700-3,0.234741784
05119-004700-4,0
05119-004801-1,0.172413793
05119-004801-2,0.260416667
05119-004801-3,0.37593985
05119-004901-1,0.434782609
05119-004901-2,0.203252033
05119-004901-3,0.203252033
05119-004902-1,0.203252033
05119-004902-2,0
05119-004902-3,0.34562212
05119-010408-3,0.34562212
05119-010410-1,3.468208092
05119-010520-1,1.063829787
05119-980100-1,1.063829787
05119-980200-1,17.5257732
05119-980300-2,17.5257732
05119-980300-3,6.25
05119-980400-1,0.169491525
05121-960100-1,0.286532951
05121-960100-2,0
05121-960100-3,0.305810398
05121-960100-4,0.198412698
05121-960100-5,0.180831826
05121-960201-1,0.260416667
05121-960201-2,0.19193858
05121-960202-1,0.067704807
05121-960202-2,0.201816347
05121-960202-3,0.197628458
05121-960301-1,0.205761317
05121-960301-2,0.315457413
05121-960301-3,0.131406045
05121-960302-1,0
05121-960302-2,0
05121-960302-3,0.295857988
05123-960100-1,0.743494424
05123-960100-2,0
05123-960100-3,0.564971751
05123-960100-4,0
05123-960201-1,0.210526316
05123-960201-2,0.348432056
05123-960202-1,0.162601626
05123-960202-3,0.175746924
05123-960202-4,0.64516129
05123-960300-1,0.418410042
05123-960300-2,0.280112045
05123-960300-3,0.126903553
05123-960400-1,0
05123-960400-2,0.440528634
05123-960400-3,0
05123-960400-4,0.310559006
05123-960500-1,0
05123-960500-2,0
05123-960500-3,0.830564784
05123-960600-1,0.377833753
05123-960600-3,0.24691358
05123-960600-4,0.355871886
05125-010101-1,0.373134328
05125-010101-2,0.31152648
05125-010101-3,0.465116279
05125-010104-1,0.722891566
05125-010104-2,0.109289617
05125-010105-1,1.002506266
05125-010105-2,0.662251656
05125-010106-1,0.970017637
05125-010107-1,0.196850394
05125-010107-2,0.675675676
05125-010107-3,0.411522634
05125-010301-1,0.673400673
05125-010301-2,1.032702238
05125-010301-3,0.182815356
05125-010302-1,1.212121212
05125-010302-2,0.606673407
05125-010303-1,0.394477318
05125-010303-2,0.572246066
05125-010303-3,0.392156863
05125-010405-1,0.16
05125-010405-2,0.843881857
05125-010405-3,0.657894737
05125-010406-1,0.272851296
05125-010406-2,0.393184797
05125-010406-3,0.475059382
05125-010407-1,0.288184438
05125-010407-2,0.606980273
05125-010408-1,0.720720721
05125-010408-2,0.15128593
05125-010408-3,0.509164969
05125-010409-1,0.530503979
05125-010409-2,0
05125-010410-1,1.317957166
05125-010411-1,1.309328969
05125-010411-2,0.785854617
05125-010411-3,0.240963855
05125-010411-4,3.03030303
05125-010507-1,0.816326531
05125-010507-2,0.520833333
05125-010507-3,0.408997955
05125-010508-1,0.503355705
05125-010508-2,0.472813239
05125-010508-3,0.951248514
05125-010509-1,0.75862069
05125-010509-2,1.225114855
05125-010511-1,0.212314225
05125-010511-2,0.754716981
05125-010511-3,0.232288037
05125-010512-1,0.309278351
05125-010512-2,0.534759358
05125-010513-1,1.223776224
05125-010513-2,0.279329609
05125-010514-1,0.667779633
05125-010514-2,0.357995227
05125-010515-1,0.487804878
05125-010515-2,0.138888889
05125-010516-1,1
05125-010516-2,0.480769231
05125-010517-1,0.365630713
05125-010517-2,0.782268579
05125-010518-2,0.497512438
05125-010519-1,0.724637681
05125-010519-2,1.074306177
05125-010520-1,0.396825397
05125-010601-1,1.055408971
05125-010601-2,1.066666667
05125-010601-3,1.098901099
05125-010602-1,0.823045267
05125-010602-2,0.165562914
05127-950100-1,0
05127-950100-2,0.514933059
05127-950100-3,0
05127-950100-4,0.191754554
05127-950200-1,0.096711799
05127-950200-2,0.146412884
05127-950200-3,0.634920635
05127-950300-1,0.554528651
05127-950300-2,0.207039337
05129-970100-1,0.411522634
05129-970100-2,0.284495021
05129-970100-3,0.441176471
05129-970200-1,0.114678899
05129-970200-2,0.168350168
05129-970200-3,0
05129-970200-4,0.148148148
05129-970300-1,0.356718193
05129-970300-2,0.146412884
05129-970300-3,0.133155792
05131-000100-1,1.162790698
05131-000100-2,0.362318841
05131-000100-3,0.970873786
05131-000100-4,0.261780105
05131-000100-5,0.763358779
05131-000100-6,0.584795322
05131-000200-1,0.309597523
05131-000200-2,0.316455696
05131-000200-3,0.288184438
05131-000200-4,0.544959128
05131-000200-5,0.471698113
05131-000300-1,0.31152648
05131-000300-2,1.328903654
05131-000400-1,0.442477876
05131-000400-2,0
05131-000400-3,0
05131-000400-4,0
05131-000501-1,0.597609562
05131-000501-3,0.256410256
05131-000501-4,0.543478261
05131-000502-1,0.591715976
05131-000502-2,0.657894737
05131-000502-3,0.33557047
05131-000600-1,0.591715976
05131-000600-2,0.420168067
05131-000600-3,0.737463127
05131-000600-4,0.34965035
05131-000700-1,0.649350649
05131-000700-2,0.297619048
05131-000700-3,0
05131-000700-5,0.284090909
05131-000700-6,0.515463918
05131-000800-1,0.906344411
05131-000800-2,0.33557047
05131-000800-3,0.8
05131-000800-4,0.299401198
05131-001001-1,0.516351119
05131-001001-2,0.923076923
05131-001001-3,0.199600798
05131-001001-4,0.304878049
05131-001001-5,0.584795322
05131-001002-1,0.23923445
05131-001002-2,0.243309002
05131-001101-1,1.136363636
05131-001101-2,0
05131-001101-3,0.275482094
05131-001101-4,0.332225914
05131-001102-1,0.490196078
05131-001102-2,0.248138958
05131-001102-3,0.958466454
05131-001201-1,0.417536534
05131-001201-3,0.415800416
05131-001202-1,0.967117988
05131-001202-2,0.33557047
05131-001202-3,0.318471338
05131-001301-1,0.392156863
05131-001301-2,0.393700787
05131-001301-3,0.272479564
05131-001305-1,0.305810398
05131-001305-3,0.425531915
05131-001305-4,0.390117035
05131-001306-1,0.684931507
05131-001306-2,1.793721973
05131-001306-3,0.977198697
05131-001307-1,0.727272727
05131-001307-2,0
05131-001308-1,0.316455696
05131-001308-2,0.174216028
05131-001308-3,0.62305296
05131-001309-1,1.025641026
05131-001310-1,1.811594203
05131-001310-2,0.64516129
05131-001310-3,0.210970464
05131-001311-1,0.147058824
05131-001311-2,0.716845878
05131-001312-1,0.705467372
05131-001312-2,0.292397661
05131-001312-3,0
05131-010101-1,0.481154771
05131-010101-2,0.582847627
05131-010101-3,0.101419878
05131-010102-1,0.183150183
05131-010102-2,0.746268657
05131-010102-3,0.292397661
05131-010102-4,0.681431005
05131-010201-1,0.117647059
05131-010201-2,0.274725275
05131-010201-3,0.492610837
05131-010201-4,0.598802395
05131-010202-1,0.371057514
05131-010202-2,0.224971879
05131-010301-1,0.846805235
05131-010301-2,0.096711799
05131-010301-3,1.023622047
05131-010303-1,0.56
05131-010303-2,0.558659218
05131-010304-1,0.136798906
05131-010304-2,0.189035917
05131-010304-3,0.280504909
05133-080100-1,0.133958473
05133-080100-2,0.386847195
05133-080200-1,0.195121951
05133-080200-2,0
05133-080200-3,0.359066427
05133-080300-1,0
05133-080300-3,0.218340611
05133-080300-4,0
05133-080400-1,0.208550574
05133-080400-2,0.338983051
05135-470100-1,0.25974026
05135-470100-2,0.376647834
05135-470201-1,0.243309002
05135-470201-2,0.654664484
05135-470202-1,0.225733634
05135-470202-2,0.462962963
05135-470202-3,0.179856115
05135-470300-1,0.644122383
05135-470300-2,0.17873101
05135-470300-3,0.552486188
05135-470401-1,0.283822138
05135-470401-2,0.198216056
05135-470401-3,0
05135-470402-1,0
05135-470402-2,0
05135-470402-3,0.388601036
05137-950100-1,0.187617261
05137-950100-2,0.463320463
05137-950100-3,0.623700624
05137-950100-4,0
05137-950201-1,0.436681223
05137-950203-1,0.791556728
05137-950203-2,0.236686391
05137-950203-3,0.168634064
05137-950204-1,0.105263158
05137-950204-2,0.197238659
05137-950204-3,0
05137-950204-4,0
05139-950100-1,0.311850312
05139-950100-2,1.023890785
05139-950100-3,0.723763571
05139-950200-1,0.421052632
05139-950200-2,0.451467269
05139-950200-3,0
05139-950200-4,0.233100233
05139-950200-5,0.284900285
05139-950300-1,0.202020202
05139-950300-2,0.207253886
05139-950401-1,0.174825175
05139-950401-2,0.658761528
05139-950402-1,0.641848524
05139-950402-2,0.479616307
05139-950402-3,0.27739251
05139-950501-1,0.613496933
05139-950501-2,0.860215054
05139-950501-3,0.765696784
05139-950502-1,0.782122905
05139-950502-2,0.419287212
05139-950600-1,0.298507463
05139-950600-2,0
05139-950600-3,0.305810398
05139-950600-5,0
05139-950700-1,0.198412698
05139-950700-2,0.504201681
05139-950700-3,0
05139-950800-1,0.171526587
05139-950800-2,0.514138817
05139-950800-3,0
05139-950800-4,0.386847195
05139-950900-1,0.347222222
05139-950900-2,1.369863014
05139-950900-3,0.355871886
05139-951000-1,0
05139-951000-2,0.219298246
05139-951000-3,1.365187713
05139-951000-4,0
05139-951000-5,0.319488818
05139-951000-6,0.432900433
05141-460100-1,0.142045455
05141-460100-2,0.166112957
05141-460100-3,0
05141-460200-1,0
05141-460200-2,0.136054422
05141-460200-3,0.28708134
05141-460301-1,0.133155792
05141-460301-2,0.315457413
05141-460303-1,0
05141-460303-2,0
05141-460303-3,0.342465753
05141-460304-1,0.109051254
05141-460304-2,0.214132762
05141-460400-1,0.136612022
05141-460400-2,0.101317123
05141-460400-3,0.352941176
05141-460400-4,0.157728707
05143-010101-1,1.308139535
05143-010101-2,0.965517241
05143-010101-3,1.192504259
05143-010101-4,0.855745721
05143-010107-1,1.446280992
05143-010107-2,2.097902098
05143-010107-3,1.79910045
05143-010107-4,0.547945205
05143-010107-5,1.476793249
05143-010108-1,1.175088132
05143-010108-2,1.264367816
05143-010108-3,0.793650794
05143-010109-1,0.66833751
05143-010109-2,0.653061224
05143-010110-1,0.503778338
05143-010110-2,2.469135802
05143-010110-3,0.502512563
05143-010111-1,0.302114804
05143-010111-2,0.859106529
05143-010112-1,0.94488189
05143-010112-2,1.128818061
05143-010113-1,0.595238095
05143-010113-2,1.24666073
05143-010113-3,0.436681223
05143-010114-2,0.212314225
05143-010115-1,1.416430595
05143-010115-2,0.879765396
05143-010115-3,0.617283951
05143-010201-1,0.570342205
05143-010201-2,0.895522388
05143-010202-1,0.854700855
05143-010202-2,0
05143-010303-1,0.635930048
05143-010303-3,1.47601476
05143-010303-4,1.153846154
05143-010304-1,0.627615063
05143-010304-2,1.212938005
05143-010305-1,1.041666667
05143-010305-2,1.075268817
05143-010305-3,0.463678516
05143-010306-1,0.252525253
05143-010306-2,0.201612903
05143-010307-1,0
05143-010307-2,0.273972603
05143-010307-3,0.923076923
05143-010401-1,1.015228426
05143-010401-2,0.798403194
05143-010401-3,0.986842105
05143-010401-4,0.968523002
05143-010401-5,0
05143-010402-1,0.699300699
05143-010402-2,0
05143-010402-3,0.724637681
05143-010404-1,0.537634409
05143-010405-1,1.096491228
05143-010405-2,1.257861635
05143-010405-3,0.845665962
05143-010501-1,0.53030303
05143-010501-2,1.104100946
05143-010501-3,0.577700751
05143-010508-1,1.184834123
05143-010508-2,0.968992248
05143-010508-3,1.229508197
05143-010508-4,1.161103048
05143-010508-5,2.260869565
05143-010510-1,0.798403194
05143-010510-2,0.674157303
05143-010510-3,0.684150513
05143-010511-1,1.045296167
05143-010511-2,0.895140665
05143-010512-1,0.417536534
05143-010512-2,0.980392157
05143-010512-3,1.680672269
05143-010513-1,1.121656601
05143-010513-2,0.673194614
05143-010513-3,0.809061489
05143-010514-1,1.913875598
05143-010514-2,1.443695861
05143-010514-3,1.047120419
05143-010515-1,1.901140684
05143-010515-2,0.77871512
05143-010515-3,1.434599156
05143-010516-1,0.527240773
05143-010516-2,0.78125
05143-010517-1,1.826484018
05143-010517-2,0.796812749
05143-010518-1,0.986436498
05143-010518-2,0.147275405
05143-010519-1,0.888324873
05143-010519-2,0.740131579
05143-010520-1,1.675257732
05143-010520-2,1.451612903
05143-010521-1,0.78125
05143-010521-2,0.998336106
05143-010601-1,1.951219512
05143-010601-2,0.448430493
05143-010601-3,0
05143-010602-1,1.538461538
05143-010602-2,0.664451827
05143-010602-3,0.506329114
05143-010703-1,0.934579439
05143-010703-2,0
05143-010704-1,0.36900369
05143-010704-2,2.352941176
05143-010704-3,0.662251656
05143-010705-1,0
05143-010705-2,1.869158879
05143-010705-3,0.255102041
05143-010706-1,0.653594771
05143-010706-2,1.405152225
05143-011002-1,0.643086817
05143-011002-2,0.592300099
05143-011002-3,2.553191489
05143-011002-4,1.749539595
05143-011003-1,0.449438202
05143-011003-2,0.569568755
05143-011003-3,0.462427746
05143-011004-1,0.724637681
05143-011004-2,0.559440559
05143-011004-3,0.726216412
05143-011005-1,1.141552511
05143-011005-2,0.601202405
05143-011006-1,1.007194245
05143-011006-2,0.530035336
05143-011006-3,1.386748844
05143-011006-4,1.148105626
05143-011103-1,0.529100529
05143-011103-2,0.632911392
05143-011103-3,1.209677419
05143-011104-1,0.584795322
05143-011104-2,0
05143-011104-3,0.600600601
05143-011105-1,0.696055684
05143-011105-2,1.581027668
05143-011105-3,2.036199095
05143-011106-1,1.601423488
05143-011106-2,0.961538462
05143-011107-1,1.440329218
05143-011107-2,1.186440678
05143-011107-3,1.219512195
05143-011200-1,0.49382716
05143-011301-1,1.219512195
05143-011302-1,0.687285223
05143-011302-3,1.736111111
05145-070100-1,0.101010101
05145-070100-2,0.163265306
05145-070100-3,0.1
05145-070200-1,0.261551874
05145-070200-2,0.139470014
05145-070200-3,0.34904014
05145-070300-1,0.305810398
05145-070300-2,0.107411386
05145-070300-3,0.315955766
05145-070401-1,0.355871886
05145-070401-2,0
05145-070401-3,0
05145-070402-1,0.092850511
05145-070402-2,0.526315789
05145-070402-3,0.31152648
05145-070501-1,0
05145-070501-2,0.152439024
05145-070501-3,0.315955766
05145-070502-1,0.313479624
05145-070502-2,0.208116545
05145-070600-1,0.278940028
05145-070600-2,0.144927536
05145-070600-3,0.295857988
05145-070600-4,0.509337861
05145-070700-1,0.170648464
05145-070700-2,0.349243306
05145-070700-3,0
05145-070801-1,0.497512438
05145-070801-2,1.052631579
05145-070802-1,0.342465753
05145-070802-2,0.267379679
05145-070901-1,0.244498778
05145-070901-2,0.518806744
05145-070901-3,0.364963504
05145-070902-1,0.430416069
05145-070902-2,0.300601202
05145-070902-3,0.412796698
05145-071001-1,1.302681992
05145-071001-2,0.575815739
05145-071002-1,0.457665904
05145-071002-2,0.42408821
05147-490100-1,0
05147-490100-2,0
05147-490100-3,0.284090909
05147-490100-5,0
05147-490100-6,0
05147-490200-1,0.313971743
05147-490200-2,0.152671756
05147-490200-3,0.152207002
05149-952301-1,0.154798762
05149-952301-2,0
05149-952301-3,0
05149-952302-1,0.335195531
05149-952302-2,0
05149-952401-1,0.216763006
05149-952401-2,0.115074799
05149-952402-1,0.091575092
05149-952402-2,0.534402138
05149-952402-3,0.30075188
05149-952500-1,0
05149-952500-2,0
05149-952500-3,0.753295669
05149-952500-4,0.617283951
05149-952600-1,0.394736842
05149-952600-2,0.831024931
05149-952600-3,0.496277916
